source_repo,remote_url,ref,head_sha,default_branch,default_head_sha,merge_base_with_default,ahead_vs_default,behind_vs_default,commits_ahead_vs_default,commits_exclusive_to_this_advertised_ref,observed_utc,access
suncaifeng/DevSopByAi,git@github.com:suncaifeng/DevSopByAi.git,refs/heads/codex/codegraph-controlled-ab-codexb,48b8db0852eae19b24ec9a257d67703b8a048e81,refs/heads/main,e3c609f5cdbe38bca7e17b87359f29817d91237b,e3c609f5cdbe38bca7e17b87359f29817d91237b,2,0,2,2,2026-10-08T07:35:06Z,ACCESSIBLE
suncaifeng/DevSopByAi,git@github.com:suncaifeng/DevSopByAi.git,refs/heads/main,e3c609f5cdbe38bca7e17b87359f29817d91237b,refs/heads/main,e3c609f5cdbe38bca7e17b87359f29817d91237b,e3c609f5cdbe38bca7e17b87359f29817d91237b,0,0,0,0,2026-10-08T07:35:06Z,ACCESSIBLE
suncaifeng/DevSopByAi,git@github.com:suncaifeng/DevSopByAi.git,refs/heads/tasks/mig-0001-four-repo-legacy-evidence-audit,439e41dfda14ee591895a2de670d445e13cc82bf,refs/heads/main,e3c609f5cdbe38bca7e17b87359f29817d91237b,e3c609f5cdbe38bca7e17b87359f29817d91237b,1,0,1,1,2026-10-08T07:35:06Z,ACCESSIBLE
suncaifeng/comfyui-minimax-h3,git@github.com:suncaifeng/comfyui-minimax-h3.git,refs/heads/codex/codexc-model-asset-acquisition-publish,ed0abf46b1733e9e0e4dd60e91379000880f6950,refs/heads/main,644d7ff2a7a00e04db94ab347a85ed61488d5a76,644d7ff2a7a00e04db94ab347a85ed61488d5a76,2,0,2,0,2026-10-08T07:35:06Z,ACCESSIBLE
suncaifeng/comfyui-minimax-h3,git@github.com:suncaifeng/comfyui-minimax-h3.git,refs/heads/codex/codexc-pinkcherry-ltx23-q6kv-refresh,a1976cfcc4a5f93fd8d02b8e50a9873a4aba8e49,refs/heads/main,644d7ff2a7a00e04db94ab347a85ed61488d5a76,644d7ff2a7a00e04db94ab347a85ed61488d5a76,4,0,4,2,2026-10-08T07:35:06Z,ACCESSIBLE
suncaifeng/comfyui-minimax-h3,git@github.com:suncaifeng/comfyui-minimax-h3.git,refs/heads/codex/h3-ltx-director-console-v2-corrective-delta-01,3968742392a8967325c4a9a2c3f6c81776e00c02,refs/heads/main,644d7ff2a7a00e04db94ab347a85ed61488d5a76,18606429f532afc980c03894f66ae2a830c185e0,63,7,63,3,2026-10-08T07:35:06Z,ACCESSIBLE
suncaifeng/comfyui-minimax-h3,git@github.com:suncaifeng/comfyui-minimax-h3.git,refs/heads/codex/h3-ltx-director-console-v2-holiday-codeb,ca8c43b1e1bba98ba0c74c24681475caba1ae958,refs/heads/main,644d7ff2a7a00e04db94ab347a85ed61488d5a76,18606429f532afc980c03894f66ae2a830c185e0,60,7,60,0,2026-10-08T07:35:06Z,ACCESSIBLE
suncaifeng/comfyui-minimax-h3,git@github.com:suncaifeng/comfyui-minimax-h3.git,refs/heads/codex/h3storyboard-director-console-v2-holiday-codeb,1ef0053dcaec64e2f125ba5cdea3185669ca24d9,refs/heads/main,644d7ff2a7a00e04db94ab347a85ed61488d5a76,18606429f532afc980c03894f66ae2a830c185e0,57,7,57,1,2026-10-08T07:35:06Z,ACCESSIBLE
suncaifeng/comfyui-minimax-h3,git@github.com:suncaifeng/comfyui-minimax-h3.git,refs/heads/codex/holiday-onecat-native-benchmark-campaign,c2367764930804e5e518fc2609a7efb8e45a7dbb,refs/heads/main,644d7ff2a7a00e04db94ab347a85ed61488d5a76,18606429f532afc980c03894f66ae2a830c185e0,39,7,39,0,2026-10-08T07:35:06Z,ACCESSIBLE
suncaifeng/comfyui-minimax-h3,git@github.com:suncaifeng/comfyui-minimax-h3.git,refs/heads/codex/holiday-relay-supervisor-codec,afe6311af8586336ef240a14fc4395569547d57e,refs/heads/main,644d7ff2a7a00e04db94ab347a85ed61488d5a76,18606429f532afc980c03894f66ae2a830c185e0,64,7,64,6,2026-10-08T07:35:06Z,ACCESSIBLE
suncaifeng/comfyui-minimax-h3,git@github.com:suncaifeng/comfyui-minimax-h3.git,refs/heads/codex/onecat-native-v150-awq-vlk-quality-c64-corrective-delta,c8198aad96bab6e62c6a38cbcc726096abd72e8c,refs/heads/main,644d7ff2a7a00e04db94ab347a85ed61488d5a76,18606429f532afc980c03894f66ae2a830c185e0,45,7,45,0,2026-10-08T07:35:06Z,ACCESSIBLE
suncaifeng/comfyui-minimax-h3,git@github.com:suncaifeng/comfyui-minimax-h3.git,refs/heads/codex/onecat-native-v150-awq-vlk-quality-c64-delta,5327ff5bd43e11c2b25a800027a07a9142993d7f,refs/heads/main,644d7ff2a7a00e04db94ab347a85ed61488d5a76,18606429f532afc980c03894f66ae2a830c185e0,43,7,43,0,2026-10-08T07:35:06Z,ACCESSIBLE
suncaifeng/comfyui-minimax-h3,git@github.com:suncaifeng/comfyui-minimax-h3.git,refs/heads/codex/onecat-native-v150-awq-vlk-recovery,cbfd70e5718bd05c03c6afe7d9b056b884100bd6,refs/heads/main,644d7ff2a7a00e04db94ab347a85ed61488d5a76,18606429f532afc980c03894f66ae2a830c185e0,41,7,41,0,2026-10-08T07:35:06Z,ACCESSIBLE
suncaifeng/comfyui-minimax-h3,git@github.com:suncaifeng/comfyui-minimax-h3.git,refs/heads/codex/onecat-native-v150-c64-canonical-readiness,760214ae64bc28d8a8485320c0937b9a9142a725,refs/heads/main,644d7ff2a7a00e04db94ab347a85ed61488d5a76,18606429f532afc980c03894f66ae2a830c185e0,47,7,47,0,2026-10-08T07:35:06Z,ACCESSIBLE
suncaifeng/comfyui-minimax-h3,git@github.com:suncaifeng/comfyui-minimax-h3.git,refs/heads/codex/onecat-native-v150-preflight,bd78b9c1f494af95108a0220a523a980e0b9b9a9,refs/heads/main,644d7ff2a7a00e04db94ab347a85ed61488d5a76,644d7ff2a7a00e04db94ab347a85ed61488d5a76,2,0,2,2,2026-10-08T07:35:06Z,ACCESSIBLE
suncaifeng/comfyui-minimax-h3,git@github.com:suncaifeng/comfyui-minimax-h3.git,refs/heads/codex/onecat-qwen38-gguf-loader-patch,26af29a8672112f2b780a1deab3ea1bf7c4d1570,refs/heads/main,644d7ff2a7a00e04db94ab347a85ed61488d5a76,644d7ff2a7a00e04db94ab347a85ed61488d5a76,14,0,14,14,2026-10-08T07:35:06Z,ACCESSIBLE
suncaifeng/comfyui-minimax-h3,git@github.com:suncaifeng/comfyui-minimax-h3.git,refs/heads/codex/task2.1-offline-harness,7040be99608c62d6306c348e1a980cb8076d5242,refs/heads/main,644d7ff2a7a00e04db94ab347a85ed61488d5a76,18606429f532afc980c03894f66ae2a830c185e0,14,7,14,0,2026-10-08T07:35:06Z,ACCESSIBLE
suncaifeng/comfyui-minimax-h3,git@github.com:suncaifeng/comfyui-minimax-h3.git,refs/heads/codex/task2.2-canonical-benchmark-input-freeze,227835bbe958b26b61be047d59eff4dcee98eab2,refs/heads/main,644d7ff2a7a00e04db94ab347a85ed61488d5a76,18606429f532afc980c03894f66ae2a830c185e0,16,7,16,0,2026-10-08T07:35:06Z,ACCESSIBLE
suncaifeng/comfyui-minimax-h3,git@github.com:suncaifeng/comfyui-minimax-h3.git,refs/heads/codex/task2.3-kvmem-harness-sync,4105cb114a1c4ead8cf91b14cfbb5705606b2550,refs/heads/main,644d7ff2a7a00e04db94ab347a85ed61488d5a76,18606429f532afc980c03894f66ae2a830c185e0,20,7,20,0,2026-10-08T07:35:06Z,ACCESSIBLE
suncaifeng/comfyui-minimax-h3,git@github.com:suncaifeng/comfyui-minimax-h3.git,refs/heads/codex/task2.4-prebenchmark-offline-readiness,099c342880f80222110afc969ca19ae25bc08a23,refs/heads/main,644d7ff2a7a00e04db94ab347a85ed61488d5a76,18606429f532afc980c03894f66ae2a830c185e0,22,7,22,0,2026-10-08T07:35:06Z,ACCESSIBLE
suncaifeng/comfyui-minimax-h3,git@github.com:suncaifeng/comfyui-minimax-h3.git,refs/heads/codex/three-runtime-c64-canonical-transport-remediation,ffc5c7418c3cd62bb0ae24ee8b5172893970a382,refs/heads/main,644d7ff2a7a00e04db94ab347a85ed61488d5a76,18606429f532afc980c03894f66ae2a830c185e0,57,7,57,1,2026-10-08T07:35:06Z,ACCESSIBLE
suncaifeng/comfyui-minimax-h3,git@github.com:suncaifeng/comfyui-minimax-h3.git,refs/heads/codex/three-runtime-c64-cross-runtime-calibration,c086b2006ea0110b831c78426fd0b7c7a1164225,refs/heads/main,644d7ff2a7a00e04db94ab347a85ed61488d5a76,18606429f532afc980c03894f66ae2a830c185e0,55,7,55,0,2026-10-08T07:35:06Z,ACCESSIBLE
suncaifeng/comfyui-minimax-h3,git@github.com:suncaifeng/comfyui-minimax-h3.git,refs/heads/codex/three-runtime-c64-quality-gate-policy-corrective-delta,5d6abaabbba7c5669b4d945beee8010ecb633f18,refs/heads/main,644d7ff2a7a00e04db94ab347a85ed61488d5a76,18606429f532afc980c03894f66ae2a830c185e0,53,7,53,0,2026-10-08T07:35:06Z,ACCESSIBLE
suncaifeng/comfyui-minimax-h3,git@github.com:suncaifeng/comfyui-minimax-h3.git,refs/heads/codex/three-runtime-c64-quality-gate-policy-freeze,c5130df7735fa8448baa8999b9c7fbefcab0000b,refs/heads/main,644d7ff2a7a00e04db94ab347a85ed61488d5a76,18606429f532afc980c03894f66ae2a830c185e0,50,7,50,0,2026-10-08T07:35:06Z,ACCESSIBLE
suncaifeng/comfyui-minimax-h3,git@github.com:suncaifeng/comfyui-minimax-h3.git,refs/heads/codex/vm176-v100-power-hbm-thermal-characterization,b3911fa5c6fd1c4597a6c08a9c85d57afd2bed59,refs/heads/main,644d7ff2a7a00e04db94ab347a85ed61488d5a76,644d7ff2a7a00e04db94ab347a85ed61488d5a76,2,0,2,2,2026-10-08T07:35:06Z,ACCESSIBLE
suncaifeng/comfyui-minimax-h3,git@github.com:suncaifeng/comfyui-minimax-h3.git,refs/heads/control/holiday-codea-to-codeb-relay,c5839951b184f8c5b3d882eb0413efe1725a2b64,refs/heads/main,644d7ff2a7a00e04db94ab347a85ed61488d5a76,18606429f532afc980c03894f66ae2a830c185e0,58,7,58,0,2026-10-08T07:35:06Z,ACCESSIBLE
suncaifeng/comfyui-minimax-h3,git@github.com:suncaifeng/comfyui-minimax-h3.git,refs/heads/main,644d7ff2a7a00e04db94ab347a85ed61488d5a76,refs/heads/main,644d7ff2a7a00e04db94ab347a85ed61488d5a76,644d7ff2a7a00e04db94ab347a85ed61488d5a76,0,0,0,0,2026-10-08T07:35:06Z,ACCESSIBLE
